{
  "brier_model": 0.2521903226389547,
  "brier_market": 0.3712342857142857,
  "brier_improvement": 0.119043963075331,
  "accuracy_model": 0.7142857142857143,
  "accuracy_market": 0.5714285714285714,
  "n_events": 35,
  "n_trades": 24,
  "hit_rate": 0.5833333333333334,
  "gross_return": 2953.987553346322,
  "net_return": 2953.987553346322,
  "sharpe": 1.6646051054358033,
  "max_drawdown": -0.07857267191124605,
  "calibration_bins": [
    [
      0.05,
      0.13636363636363635,
      22
    ],
    [
      0.15000000000000002,
      NaN,
      0
    ],
    [
      0.25,
      1.0,
      1
    ],
    [
      0.35000000000000003,
      0.0,
      3
    ],
    [
      0.45,
      0.0,
      1
    ],
    [
      0.55,
      0.0,
      1
    ],
    [
      0.6500000000000001,
      NaN,
      0
    ],
    [
      0.75,
      NaN,
      0
    ],
    [
      0.8500000000000001,
      0.0,
      1
    ],
    [
      0.95,
      0.3333333333333333,
      6
    ]
  ],
  "label_shuffle_brier_improvement": null
}