{
  "brier_model": 0.4853617818468151,
  "brier_market": 0.36935207127407776,
  "brier_improvement": -0.11600971057273735,
  "accuracy_model": 0.45454545454545453,
  "accuracy_market": 0.45454545454545453,
  "n_events": 33,
  "n_trades": 33,
  "hit_rate": 0.45454545454545453,
  "gross_return": 1.2727694363501723,
  "net_return": 1.2727694363501723,
  "sharpe": 1.9807004630442764,
  "max_drawdown": -0.08295734112877005,
  "calibration_bins": [
    [
      0.05,
      1.0,
      2
    ],
    [
      0.15000000000000002,
      0.0,
      3
    ],
    [
      0.25,
      NaN,
      0
    ],
    [
      0.35000000000000003,
      0.0,
      1
    ],
    [
      0.45,
      0.5,
      2
    ],
    [
      0.55,
      0.3333333333333333,
      3
    ],
    [
      0.6500000000000001,
      NaN,
      0
    ],
    [
      0.75,
      NaN,
      0
    ],
    [
      0.8500000000000001,
      0.0,
      2
    ],
    [
      0.95,
      0.45,
      20
    ]
  ],
  "label_shuffle_brier_improvement": null
}