{
  "brier_model": 0.2511971623764386,
  "brier_market": 0.25,
  "brier_improvement": -0.0011971623764385764,
  "accuracy_model": 0.4891008174386921,
  "accuracy_market": 0.510899182561308,
  "n_events": 734,
  "n_trades": 734,
  "hit_rate": 0.4891008174386921,
  "gross_return": -0.14656512549882583,
  "net_return": -0.14656512549882583,
  "sharpe": -0.7595689519075699,
  "max_drawdown": -0.4026057799574112,
  "calibration_bins": [
    [
      0.05,
      NaN,
      0
    ],
    [
      0.15000000000000002,
      NaN,
      0
    ],
    [
      0.25,
      NaN,
      0
    ],
    [
      0.35000000000000003,
      NaN,
      0
    ],
    [
      0.45,
      0.510899182561308,
      734
    ],
    [
      0.55,
      NaN,
      0
    ],
    [
      0.6500000000000001,
      NaN,
      0
    ],
    [
      0.75,
      NaN,
      0
    ],
    [
      0.8500000000000001,
      NaN,
      0
    ],
    [
      0.95,
      NaN,
      0
    ]
  ],
  "label_shuffle_brier_improvement": null
}