{
  "brier_model": 0.3533761070646009,
  "brier_market": 0.29218750000000004,
  "brier_improvement": -0.06118860706460083,
  "accuracy_model": 0.59375,
  "accuracy_market": 0.59375,
  "n_events": 32,
  "n_trades": 31,
  "hit_rate": 0.6129032258064516,
  "gross_return": 0.3745423436429989,
  "net_return": 0.3745423436429989,
  "sharpe": 1.5671684141940467,
  "max_drawdown": -0.07605158781884631,
  "calibration_bins": [
    [
      0.05,
      0.3333333333333333,
      3
    ],
    [
      0.15000000000000002,
      0.0,
      1
    ],
    [
      0.25,
      NaN,
      0
    ],
    [
      0.35000000000000003,
      NaN,
      0
    ],
    [
      0.45,
      1.0,
      1
    ],
    [
      0.55,
      NaN,
      0
    ],
    [
      0.6500000000000001,
      0.5,
      2
    ],
    [
      0.75,
      NaN,
      0
    ],
    [
      0.8500000000000001,
      0.8333333333333334,
      6
    ],
    [
      0.95,
      0.5263157894736842,
      19
    ]
  ],
  "label_shuffle_brier_improvement": null
}