{
  "brier_model": 0.3031639510428366,
  "brier_market": 0.29562499999999997,
  "brier_improvement": -0.007538951042836639,
  "accuracy_model": 0.5714285714285714,
  "accuracy_market": 0.6428571428571429,
  "n_events": 28,
  "n_trades": 27,
  "hit_rate": 0.5185185185185185,
  "gross_return": 1.065965443098015,
  "net_return": 1.065965443098015,
  "sharpe": 1.8317568736776448,
  "max_drawdown": -0.09115320079030723,
  "calibration_bins": [
    [
      0.05,
      0.38461538461538464,
      13
    ],
    [
      0.15000000000000002,
      NaN,
      0
    ],
    [
      0.25,
      0.5,
      2
    ],
    [
      0.35000000000000003,
      1.0,
      2
    ],
    [
      0.45,
      1.0,
      2
    ],
    [
      0.55,
      0.5,
      2
    ],
    [
      0.6500000000000001,
      NaN,
      0
    ],
    [
      0.75,
      1.0,
      2
    ],
    [
      0.8500000000000001,
      1.0,
      1
    ],
    [
      0.95,
      0.75,
      4
    ]
  ],
  "label_shuffle_brier_improvement": null
}