{
  "brier_model": 0.2840000554572215,
  "brier_market": 0.2451664420506288,
  "brier_improvement": -0.03883361340659272,
  "accuracy_model": 0.4642857142857143,
  "accuracy_market": 0.4642857142857143,
  "n_events": 28,
  "n_trades": 13,
  "hit_rate": 0.23076923076923078,
  "gross_return": -0.1079198141321881,
  "net_return": -0.1079198141321881,
  "sharpe": -1.3241353940370686,
  "max_drawdown": -0.13419575410826304,
  "calibration_bins": [
    [
      0.05,
      NaN,
      0
    ],
    [
      0.15000000000000002,
      NaN,
      0
    ],
    [
      0.25,
      NaN,
      0
    ],
    [
      0.35000000000000003,
      0.5357142857142857,
      28
    ],
    [
      0.45,
      NaN,
      0
    ],
    [
      0.55,
      NaN,
      0
    ],
    [
      0.6500000000000001,
      NaN,
      0
    ],
    [
      0.75,
      NaN,
      0
    ],
    [
      0.8500000000000001,
      NaN,
      0
    ],
    [
      0.95,
      NaN,
      0
    ]
  ],
  "label_shuffle_brier_improvement": null
}