{
  "brier_model": 0.35109697220084424,
  "brier_market": 0.21981100963977676,
  "brier_improvement": -0.13128596256106748,
  "accuracy_model": 0.5570776255707762,
  "accuracy_market": 0.680365296803653,
  "n_events": 219,
  "n_trades": 204,
  "hit_rate": 0.4803921568627451,
  "gross_return": 0.7958532794428621,
  "net_return": 0.7958532794428621,
  "sharpe": 1.049911602970012,
  "max_drawdown": -0.24077884818014741,
  "calibration_bins": [
    [
      0.05,
      0.6111111111111112,
      18
    ],
    [
      0.15000000000000002,
      0.8181818181818182,
      11
    ],
    [
      0.25,
      0.8,
      10
    ],
    [
      0.35000000000000003,
      0.9090909090909091,
      11
    ],
    [
      0.45,
      0.4,
      10
    ],
    [
      0.55,
      0.8181818181818182,
      11
    ],
    [
      0.6500000000000001,
      0.42857142857142855,
      7
    ],
    [
      0.75,
      0.625,
      16
    ],
    [
      0.8500000000000001,
      0.7777777777777778,
      27
    ],
    [
      0.95,
      0.6224489795918368,
      98
    ]
  ],
  "label_shuffle_brier_improvement": null
}