{
  "brier_model": 0.2609444516282313,
  "brier_market": 0.3712342857142857,
  "brier_improvement": 0.11028983408605436,
  "accuracy_model": 0.7142857142857143,
  "accuracy_market": 0.5714285714285714,
  "n_events": 35,
  "n_trades": 24,
  "hit_rate": 0.5416666666666666,
  "gross_return": 2688.024426546273,
  "net_return": 2688.024426546273,
  "sharpe": 1.6514835020611307,
  "max_drawdown": -0.08620578114131966,
  "calibration_bins": [
    [
      0.05,
      0.13636363636363635,
      22
    ],
    [
      0.15000000000000002,
      0.2,
      5
    ],
    [
      0.25,
      NaN,
      0
    ],
    [
      0.35000000000000003,
      NaN,
      0
    ],
    [
      0.45,
      NaN,
      0
    ],
    [
      0.55,
      NaN,
      0
    ],
    [
      0.6500000000000001,
      NaN,
      0
    ],
    [
      0.75,
      1.0,
      1
    ],
    [
      0.8500000000000001,
      0.0,
      3
    ],
    [
      0.95,
      0.25,
      4
    ]
  ],
  "label_shuffle_brier_improvement": null
}