{
  "brier_model": 0.40520264434283054,
  "brier_market": 0.2451664420506288,
  "brier_improvement": -0.16003620229220175,
  "accuracy_model": 0.5357142857142857,
  "accuracy_market": 0.4642857142857143,
  "n_events": 28,
  "n_trades": 28,
  "hit_rate": 0.4642857142857143,
  "gross_return": -0.0790915070364353,
  "net_return": -0.0790915070364353,
  "sharpe": -0.7179599387812452,
  "max_drawdown": -0.09237733075631725,
  "calibration_bins": [
    [
      0.05,
      0.46153846153846156,
      13
    ],
    [
      0.15000000000000002,
      0.6,
      5
    ],
    [
      0.25,
      1.0,
      2
    ],
    [
      0.35000000000000003,
      0.0,
      1
    ],
    [
      0.45,
      0.0,
      1
    ],
    [
      0.55,
      1.0,
      1
    ],
    [
      0.6500000000000001,
      0.0,
      1
    ],
    [
      0.75,
      1.0,
      1
    ],
    [
      0.8500000000000001,
      0.5,
      2
    ],
    [
      0.95,
      1.0,
      1
    ]
  ],
  "label_shuffle_brier_improvement": null
}