{
  "brier_model": 0.32423285192897666,
  "brier_market": 0.19901070295544693,
  "brier_improvement": -0.12522214897352973,
  "accuracy_model": 0.50920245398773,
  "accuracy_market": 0.6871165644171779,
  "n_events": 163,
  "n_trades": 134,
  "hit_rate": 0.3880597014925373,
  "gross_return": -0.26684323842353197,
  "net_return": -0.26684323842353197,
  "sharpe": -1.247334205530707,
  "max_drawdown": -0.29191321131930986,
  "calibration_bins": [
    [
      0.05,
      0.2,
      10
    ],
    [
      0.15000000000000002,
      0.65,
      20
    ],
    [
      0.25,
      0.7,
      10
    ],
    [
      0.35000000000000003,
      0.47058823529411764,
      17
    ],
    [
      0.45,
      0.5,
      14
    ],
    [
      0.55,
      0.4166666666666667,
      12
    ],
    [
      0.6500000000000001,
      0.5769230769230769,
      26
    ],
    [
      0.75,
      0.6153846153846154,
      13
    ],
    [
      0.8500000000000001,
      0.5789473684210527,
      19
    ],
    [
      0.95,
      0.45454545454545453,
      22
    ]
  ],
  "label_shuffle_brier_improvement": null
}